<Ui xmlns="http://www.blizzard.com/wow/ui/"   xmlns:xsi="http://www.w3.org/2001/XMLSchema-instance"   xsi:schemaLocation="http://www.blizzard.com/wow/ui/"> 
   <Script file="YoMama.lua"/> 

   <!-- Frame to handle all core events --> 
   <Frame name="YoMama_core"> 
      <Scripts> 
         <OnLoad> 
            this:RegisterEvent("VARIABLES_LOADED"); 
         </OnLoad> 
         <OnEvent> 
            if (event == "VARIABLES_LOADED") then 
               YoMama_OnLoad(); 
            end 
         </OnEvent> 
      </Scripts> 
   </Frame> 
</Ui>
